{"cameraMode":{"drawMode":0,"name":"Shaded","section":"Shading Mode"},"sceneLighting":true,"audioPlay":false,"sceneViewState":{"m_AlwaysRefresh":false,"showFog":true,"showSkybox":true,"showFlares":true,"showImageEffects":true,"showParticleSystems":true,"showVisualEffectGraphs":true,"m_FxEnabled":true},"in2DMode":false,"pivot":{"x":43.64537811279297,"y":105.24015808105469,"z":103.81271362304688},"rotation":{"x":0.015703732147812845,"y":0.9776230454444885,"z":-0.19461168348789216,"w":0.07874613255262375},"size":7.927505016326904,"orthographic":false}